<?xml version="1.0" encoding="UTF-8"?>
<project-private xmlns="http://www.netbeans.org/ns/project-private/1">
    <editor-bookmarks xmlns="http://www.netbeans.org/ns/editor-bookmarks/2" lastBookmarkId="0"/>
    <open-files xmlns="http://www.netbeans.org/ns/projectui-open-files/2">
        <group>
            <file>file:/C:/Users/lucas/OneDrive/Documentos/RMI_finalProject-Interface/src/server/LoadFileService.java</file>
            <file>file:/C:/Users/lucas/OneDrive/Documentos/RMI_finalProject-Interface/src/client/Client.java</file>
            <file>file:/C:/Users/lucas/OneDrive/Documentos/RMI_finalProject-Interface/src/client/RMI_GUI.java</file>
            <file>file:/C:/Users/lucas/OneDrive/Documentos/RMI_finalProject-Interface/src/server/Server.java</file>
            <file>file:/C:/Users/lucas/OneDrive/Documentos/RMI_finalProject-Interface/src/client/Registros.java</file>
        </group>
    </open-files>
</project-private>
